Actor,Model,Game Name,Name,Name CRC32
AbyssCloud,,,,36F15C65
AirWall,,,,417AD35A
AirWall_DestroyBlockWater,,,,Loading...
AirWall_S_Dungeon109_001,,,,Loading...
AirWallL002,,,,Loading...
AirWallLLast_016,,,,51A8C9DA
AirWallWaterway,,,,Loading...
AlterLD001,,,,Loading...
AnaMonea,,Giant Goponga Flower,Giant Goponga Flower,3B64A5F6
AnaMoneaBoundary,,,Giant Goponga Flower (Stilled),Loading...
AnaMoneaBullet,,,,Loading...
AnaMoneaBulletBoundary,,,,Loading...
Anomalocaris,,Vocavor,Vocavor,Loading...
AnomalocarisHead,,,,2CF71547
AnomalocarisJelly,,,,A98E4F08
AnomalocarisKnife,,,,Loading...
AnomalocarisPond,,,,Loading...
AnomalocarisPondPhase1,,,,Loading...
AnomalocarisPondPhase2,,,,F9B2F747
AnomalocarisTail,,,,F7335786
AnomalocarisWhirlpool,,,,1E870154
Armos,,Armos,Armos,Loading...
Arrow01,,,,68B119F
Aruroda,,Aruroda,Aruroda,B15179A1
ArurodaBoundary,,,Aruroda (Stilled),Loading...
Balance,,,,63492662
BalanceSide,,,,DB5C75FF
Balom,,,Smog,Loading...
Balom01,,,Smog (Refight),Loading...
BalomBullet,,,,8E0607EE
BalomBullet01,,,,Loading...
BalomPiece,,,,Loading...
BalomPiece01,,,,Loading...
BalomPieceBullet,,,,4FD91CC1
BalomPieceBullet01,,,,9A1D1AF
BattleUnitRemains,,,,E9C5DD69
Beamos,,Beamos,Beamos,4A7C6D02
BeamosBullet1,,,Beamos Beam,Loading...
Bed,,Old Bed,Old Bed,DE0ABA1F
BedMedium,,Soft Bed,Soft Bed,81821824
BedZelda,,Zelda's Bed,Zelda's Bed,Loading...
BeltConveyor,,,,75AC128C
BigBari,,,Bori,1B7EBDC8
BigBariBullet1,,,,F4E81FDF
BigBariBulletDischarge,,,,2093CAA7
BigBoard,,,,5AF0DF73
BigRock,,,,Loading...
Bird,,,,Loading...
Bird001,,,,FCA6E51E
BirdSea,,Albatrawl,Albatrawl,Loading...
Biri,,Biri,Biri,7E387D8D
BiriBoundary,,,Biri (Stilled),Loading...
BlockIce,,Ice Block,Ice Block,Loading...
BlockWater,,Water Block,Water Block,EEE41A6E
BoarblinBoomerang00,,Boomerang Boarblin,Boomerang Boarblin,Loading...
BoarblinBoomerang01,,Boomerang Boarblin Lv. 2,Boomerang Boarblin Lv. 2,1F233E8A
BoarblinClub00,,Club Boarblin,Club Boarblin,D1D0F41
BoarblinClub01,,Club Boarblin Lv. 2,Club Boarblin Lv. 2,Loading...
BoarblinClubBoundary,,,Club Boarblin (Stilled),D2B9BAE8
BoardFloatLava,,Lava Rock,Lava Rock,Loading...
BoardFlowing,,,,Loading...
Boat,,,,785C2C74
Bombfish,,Bombfish,Bombfish,Loading...
Bonfire,,Brazier,Brazier,Loading...
BonfireBullet1,,,,BB99537D
BookCommon,,,,29E78F52
Boomerang00,,,,59B37F9F
Boomerang01,,,,Loading...
BossBarrier,,,,Loading...
BossCloud,,,,Loading...
BossRoomLid,,,,Loading...
BoundaryBase,,,,6AEAD033
BoundaryCat000,,,,Loading...
BoundaryCat001,,,,Loading...
BoundaryDeku005,,,,4DDDA778
BoundaryDeku017,,,,BAC8F715
BoundaryDeku019,,,,5D70DA12
BoundaryDeku021,,,,788601E3
BoundaryDeku022,,,,E18F5059
BoundaryGate,,,,Loading...
BoundaryGateDoAction,,,,FA0A6BCF
BoundaryGateSign,,,,Loading...
BoundaryGerudoAide000,,,,7963EA17
BoundaryGerudoSoldier000,,,,844A15B9
BoundaryGoron001,,,,AF9CC317
BoundaryGoron006,,,,Loading...
BoundaryGoron010,,,,Loading...
BoundaryGoron011,,,,Loading...
BoundaryGoron012,,,,Loading...
BoundaryGoronChief,,,,Loading...
BoundaryHorse,,,,E75541EE
BoundaryHylianF009,,,,Loading...
BoundaryHylianF022,,,,Loading...
BoundaryHylianF023,,,,944BFC5
BoundaryHylianF024,,,,Loading...
BoundaryHylianFC000,,,,Loading...
BoundaryHylianM002,,,,9B746AD0
BoundaryHylianM010,,,,6C613ABD
BoundaryHylianM016,,,,85029F88
BoundaryHylianM017,,,,F205AF1E
BoundaryHylianM018,,,,Loading...
BoundaryHylianM022,,,,A9420852
BoundaryHylianM023,,,,Loading...
BoundaryHylianM032,,,,Loading...
BoundaryHylianMC004,,,,3E42D076
BoundaryHyruleKing,,King of Hyrule,King of Hyrule (Stilled),Loading...
BoundaryImpa,,Impa,Impa (Stilled),98B1398C
BoundaryMinisterLeft,,Minister Lefte,Minister Lefte (Stilled),470F8085
BoundaryMinisterRight,,General Wright,General Wright (Stilled),6A4C83B6
BoundarySign,,,,3520BFAC
BoundaryZoraRiver003,,,,Loading...
BoundaryZoraRiverChief,,Dradd,Dradd (Stilled),6F084B31
Boundillo00,,Caromadillo,Caromadillo,7D3E14FD
Boundillo01,,Caromadillo Lv. 2,Caromadillo Lv. 2,Loading...
BoxWooden,,Wooden Box,Wooden Box,54D39CB3
BoxWoodenHorseRace,,,,Loading...
Bubble,,,,Loading...
BubbleCrack,,,,Loading...
Butterfly,,,Butterfly,4666D1BF
BuzzBlob,,Buzz Blob,Buzz Blob,Loading...
BuzzBlobBoundary,,,Buzz Blob (Stilled),Loading...
Cactus,,,Cactus,Loading...
Cat000,,,Cat,Loading...
Cat001,,,Cat,D2F2630E
CeilingShutterCollisionSide,,,,Loading...
CharmCarrot,,Carrot,Carrot,A7C194F2
CharmDoll,,Stuffed Toy,Stuffed Toy,D22082AA
CharmFish,,Grilled Fish,Grilled Fish,Loading...
CharmMeat,,Meat,Meat,Loading...
CharmRockRoast,,Rock Roast,Rock Roast,Loading...
CheckpointHorseRace,,,,Loading...
CinderBig,,,,24D0799
CinderSmall,,,,Loading...
Cloud,,Cloud,Cloud,Loading...
CoastSquareRockLeft,,,,AFB2EAFF
CoastSquareRockRight,,,,Loading...
Cocoon,,,,11BD63A
CollapseTile,,,,553C79A5
CollapseTileIce,,,,Loading...
CompanionLink,,,,C0D1A511
CompanionLinkArrowChargeLv02,,,,Loading...
CompanionLinkArrowChargeLv03,,,,Loading...
CompanionLinkArrowNormalLv01,,,,Loading...
CompanionLinkArrowNormalLv02,,,,Loading...
CompanionLinkArrowNormalLv03,,,,Loading...
CompanionLinkDungeon,,,,BAE789C4
Condehouseobject,,,,Loading...
CopiedObject,,,,BCBAA6
CopyableObject,,,,687C56A7
Cow,,,Cow,A199797C
CrackHuge,,,,B9DE73A6
CrackMove,,,,CC688622
CrackMoveHyruleWaterway,,,,DB8D4A85
CrackSmall,,,,FED80448
Creepee00,,Zirro,Zirro,2C7DA840
Creepee01,,Ghirro,Ghirro,Loading...
CreepeeBomb,,,,BC944E59
CreepeeBoundary,,,Zirro (Stilled),Loading...
Crowly,,Crow,Crow,69761E7D
Crowly01,,Beakon,Beakon,Loading...
CrowlyMachine,,Goldfinch,Goldfinch,Loading...
Cucco,,,Cucco,Loading...
CuccoAttacker,,,,Loading...
Dandarma,,Snomaul,Snomaul,Loading...
DandarmaBullet,,,,F187BA9C
DandarmaPullOutBodyB,,,,934FD456
DandarmaPullOutBodyC,,,,E448E4C0
DarkBrume,,,,Loading...
DarkMiasma,,,,Loading...
Darknut00,,Darknut,Darknut,B076874A
Darknut01,,Darknut Lv. 2,Darknut Lv. 2,Loading...
Darknut01Prologue,,,Darknut Lv. 2 (Prologue),80F51028
Darknut02,,Darknut Lv. 3,Darknut Lv. 3,Loading...
DarknutBoundary,,,Darknut (Stilled),1849AC39
DarknutPrologue,,,Darknut (Prologue),709F24C7
DeathBallReverse,,Gustmaster,Gustmaster,5738172A
DeathBallReverseBoundary,,,,Loading...
DebugAttackCollisionActor,,,,Loading...
DebugBattleDummy,,,,Loading...
DebugCaptureActor,,,,5A04630D
DebugCubeGrid,,,,4091EE14
DebugMannequin,,,,F6E06F66
DebugMapStaticActor,,,,9C809C0
DebugModelViewActor,,,,FA9F30A8
DebugNpcActor,,,,Loading...
DebugProjectileLauncher,,,,730647E
DebugSensorSpawner,,,,EAF070F2
DebugTagSpawner,,,,Loading...
DebugTagSpawnerFixed,,,,2DC370E5
DebugTagSpawnerRef,,,,D6032BF7
DebugTagTextBox,,,,Loading...
DecalModel,,,,BECA8EAF
DeguZol,,,Slime Eye,Loading...
DeguZol01,,,Slime Eye (Half),Loading...
DeguZol02,,,Slime Eye (Quarter),Loading...
DeguZol03,,,Slime Eye (Eighth),Loading...
DeguZol04,,,,465BC65E
DeguZolFallStone,,,,Loading...
Deku000,,,,1AE6E5C0
Deku001,,,,Loading...
Deku002,,,,Loading...
Deku003,,,,83EFB47A
Deku004,,,,Loading...
Deku005,,,,6A8C114F
Deku006,,,,Loading...
Deku007,,Blossu,Blossu,Loading...
Deku008,,,,143D6DF2
Deku009,,,,Loading...
Deku010,,Buzzu,Buzzu,Loading...
Deku011,,,,Loading...
Deku012,,,,EDF3B5AD
Deku013,,,,Loading...
Deku014,,,,Loading...
Deku015,,,,Loading...
Deku016,,,,EA9E71B4
Deku017,,,,Loading...
Deku018,,,,D265CB3
Deku019,,,,Loading...
Deku020,,,,28D08742
Deku021,,,,Loading...
Deku022,,,,C6DEE66E
Deku023,,,,B1D9D6F8
Deku024,,Bempu,Bempu,Loading...
Deku025,,,,58BA73CD
Deku026,,,,C1B32277
Deku027,,,,B6B412E1
Deku028,,,,Loading...
Deku029,,,,510C3FE6
Dekubaba,,Deku Baba Lv. 2,Deku Baba Lv. 2,F73E266E
Dekubaba00,,Deku Baba,Deku Baba,9135204A
Dekubaba01,,Bio Deku Baba,Bio Deku Baba,E63210DC
DekubabaHead,,,,Loading...
DekubabaHead00,,,,EAC07A13
DekubabaHead01,,,,Loading...
DekubabaMachine,,High-Teku Baba,High-Teku Baba,Loading...
DekuMerchant,,Business Scrub,Business Scrub,12FF9159
DekuMerchantBranch00,,,,FB3DF049
DekuMerchantBranch01,,,,Loading...
DekuMerchantBranch02,,,,15339165
DekuMerchantBranch03,,,,6234A1F3
DekuMerchantBranch04,,,,Loading...
DekuTree,,Deku Tree,Deku Tree,7432CEE4
DesertCrackBGrave,,,,3046CB0
doActionCommon,,,,Loading...
doActionCommon_last,,,,D222559A
Dog,,,Dog,Loading...
Dogpathwalk,,,,Loading...
Dogwait,,,,Loading...
DoorBoss,,,,7033374A
DoorClose,,,,Loading...
DoorCloseBoss,,,,Loading...
DoorCloseFireWall,,,,DC63E5B0
DoorCloseGerudo,,,,5C0AC45D
DoorCloseLD003R010,,,,A3737D4A
DoorHabitat,,,,29B308EE
DoorLock,,,,C942CA7E
DoorMu,,,,6FE1E6D5
DoorPrison,,,,Loading...
DoorRotation,,,,C00DB97E
DoorRotationHyrule,,,,Loading...
DoorRotationJungle,,,,3F843B6
Dragonfly,,Needlefly,Needlefly,DF6292F6
ElectricLine,,,,291DB996
Elevator,,,,Loading...
ElevatorTriforce,,,,Loading...
EnemyLink,,,Link (Imposter),Loading...
EnemyLinkArcher,,,,Loading...
EnemyLinkArrow,,,,Loading...
EnemyLinkArrowAngry,,,,Loading...
EnemyLinkBomb,,,,8A56E4CF
EnemyLinkBombChu,,,,223F9D49
EnemyLinkBomber,,,,Loading...
EnemyLinkBomberTecuumShockwave,,,,Loading...
EnemyLinkChargeArrow,,,,Loading...
EnemyLinkTecuumShockwave,,,,97243EA7
EnemyZelda,,Zelda,Zelda,554D3C25
EnergyStone,,,,87C891D5
evAirWallcommon,,,,Loading...
EvAnomalocaris,,,,Loading...
EvBackWallGanon,,,,Loading...
EvBackWallMuPhase1,,,,Loading...
EvBackWallMuPhase3,,,,C237ED49
EvCondeHeadAirWall,,,,Loading...
EvCrackAppearHyruleCastle,,,,Loading...
EvCrackDekuKidnapped,,,,AA4406DE
EvCrackMeetKingHyrule,,,,Loading...
EvCrackMeetKingHyruleCastle,,,,A30ECA34
EvCrackMeetKingHyruleSouthernVillage003,,,,Loading...
EvCrackOpening01,,,,Loading...
EvCrackOpening02,,,,7B55252F
EvCrackPasteMuFailed,,,,37FD8E0
EvCrowly,,,,5353492F
EvDarknut,,,,Loading...
EvDarknutBoundary,,,,Loading...
EvDestroyedBridge,,,,Loading...
EvDestroyedCaveEntrance,,,,Loading...
EvDestroyedLDCastleAltar,,,,853FCD56
EvDestroyedPillars,,,,Loading...
EvDestroyedWaterRock,,,,A5FA2693
EvDestroyedWood,,,,Loading...
EvDestroyedZoraBridge,,,,Loading...
EvDestroyedZoraGrass,,,,23BD9B1F
EvDestroyedZoraGround,,,,EC89D3F
EvDestroyedZoraRiverHouse,,,,Loading...
EvDestroyedZoraSmallIsland,,,,Loading...
EvDestroyedZoraStone,,,,Loading...
EvDestroyedZoraWall,,,,1D49E9AC
EvEDRodFrame,,,,Loading...
EvEnemyLinkArcherWall,,,,692943E3
EvEnemyZelda,,,,7345CA6C
EventStopper,,,,Loading...
EventStopperGerudoSoldier001,,,,Loading...
EventStopperGerudoSoldier002,,,,BF56A4D7
EventStopperGoron007,,,,Loading...
EvFreblaze,,,,E7834366
EvHolyPillar,,,,Loading...
EvHyruleSoldier001,,,,Loading...
EvHyruleSoldier002,,,,Loading...
EvHyruleSoldier003,,,,Loading...
EvHyruleSoldier004,,,,3B6CE719
EvHyruleSoldier005,,,,Loading...
EvHyruleSoldier006,,,,Loading...
EvHyruleSoldier007,,,,Loading...
EvHyruleSoldier008,,,,32DAAB32
EvHyruleSoldier009,,,,45DD9BA4
EvHyruleSoldier010,,,,Loading...
EvilSeal,,,,Loading...
EvilSeal_last,,,,Loading...
EvItemFieldMap,,,,62A1D531
EvJabujabuDebris,,,,48FCD6FD
EvJabujabuDebrisSync,,,,B11FBAAF
EvJabujabuDebrisSyncLong,,,,Loading...
EvKeeseBoundary,,,,5E947495
EvLink,,,,Loading...
EvLink02,,,,EFB5EA58
EvLinkLastR013,,,,Loading...
EvLinkLastR020,,,,5D89D583
EvLizalfos00,,,,Loading...
EvMapPondLD002R016,,,,EB9126EF
EvMoriblinSpear00,,,,FC606D60
EvMoriblinSpearBoundary,,,,Loading...
EvMuDemoTentacle,,,,7352B3A2
EvMuVillan,,,,Loading...
EvOPDeleteWall,,,,B8742B1E
EvOPFieldDistantView,,,,CA21E051
EvPartnerPhotonLargeQuantity,,,,99C22429
EvPartnerStray,,,,Loading...
EvQuestBlockRock,,,,7515D3C2
EvQuestDoorBalom01,,,,Loading...
EvRecitalPlatform,,,,Loading...
EvSDungeon034Door,,,,309C7E73
EvSeasideHouse02,,,,2BBE2450
EvSecretPassageBlockRock,,,,Loading...
EvSpiderWeb,,,,Loading...
EvTecuum,,,,57C8262D
EvTestitart,,,,BE42E7EB
EvThroneRoomWall,,,,Loading...
EvTonaHeadAirWall,,,,Loading...
evTrampoline,,,,A5298311
EvVibrationFallenRock,,,,Loading...
EvWallCollapse,,,,Loading...
EvWhiteFade,,,,Loading...
EvWorldRepairObject,,,,930AB4C3
EvZoraMonumentWall,,,,2E6120D4
ExitAbyss,,,,Loading...
FailurePasteObj,,,,Loading...
Fence,,,,Loading...
FenceHorseRace,,,,D48CB203
Firework,,Firework,Firework,F1CCFE5E
FireworkBullet1,,,,Loading...
FireworkBulletExploded1,,,,Loading...
Fish,,,Fish,9F46EB0D
FlameFountain,,,,C06F83FB
FlameFountainFire,,,,33F92756
FloorAbyss,,,,Loading...
FloorCollapseLD002,,,,8CE16128
FloorCover,,,,724D112C
FloorLava,,,,Loading...
FloorPuzzlePanel,,,,Loading...
FloorShutterLD002,,,,Loading...
FlyingTile,,Flying Tile,Flying Tile,895DF2FD
FoliagePlant,,Decorative Shrub,Decorative Shrub,Loading...
FormerDungeonMarker,,,,E1003547
Freblaze,,Skorchill,Skorchill,Loading...
FreblazeBomb,,,,Loading...
FreblazeExplosion,,,,6EC37447
FreblazeFire,,,,CFD80489
FreblazeFireTrap,,,,Loading...
FreblazeFootprints,,,,5FEBB4CB
FreblazeIcicle,,,,60168D18
FreblazeMask,,,,E869CE76
Freezard,,Freezard,Freezard,E28DEC0F
FreezardBoundary,,,Freezard (Stilled),Loading...
Gabufin,,Chompfin,Chompfin,321417D6
GanonBulletExploded1,,,,Loading...
GanonBulletExploded1Op,,,,9E54D2E0
GanonBulletRally1,,,,7A8410BF
GanonBulletRally1Op,,,,18D7E89E
GanonBulletReflected1,,,,Loading...
GanonBulletReflected1Op,,,,4E2E1E35
GanonFirebat,,,,C0F64315
GanonFirebatOp,,,,BE5D06C1
GanonPaste,,Ganon,Ganon,C520A166
GanonPasteOP,,,Ganon (Prologue),Loading...
GanonTrident,,,,Loading...
GanonTridentDetached,,,,A6CBE9F3
GanonTridentPorori,,,,59B0C77
GateLastBoss,,,,2ABD8F6A
GatePartnerPhoton,,,,EE9E6E27
GeneralFire,,,,92A57801
Gerudo000,,,,Loading...
Gerudo001,,,,41ED6C4E
Gerudo002,,,,D8E43DF4
Gerudo003,,,,Loading...
Gerudo004,,,,318798C1
Gerudo005,,Raslett,Raslett,Loading...
Gerudo006,,,,DF89F9ED
Gerudo007,,,,A88EC97B
Gerudo008,,,,3831D4EA
Gerudo009,,Tormali,Tormali,4F36E47C
Gerudo010,,,,Loading...
Gerudo011,,,,58F65D0F
GerudoAide000,,Facette,Facette,Loading...
GerudoAide001,,,,C62F2882
GerudoChief,,Seera,Seera,518853F
GerudoChiefsDaughter,,Dohna,Dohna,3A8800E2
GerudoPalaceDoor,,,,Loading...
GerudoSoldier000,,,,Loading...
GerudoSoldier001,,,,Loading...
GerudoSoldier002,,,,Loading...
GerudoSoldier003,,,,Loading...
GerudoSoldier004,,,,Loading...
GerudoSoldier005,,,,31E24480
GerudoSoldier006,,,,Loading...
GerudoSoldier007,,,,DFEC25AC
GerudoSoldier008,,,,Loading...
GerudoSoldier009,,,,Loading...
GerudoSoldier010,,,,5893814E
GerudoSoldier011,,,,Loading...
GerudoSoldier012,,,,B69DE062
GerudoSoldier013,,,,Loading...
GerudoSoldier014,,,,Loading...
GerudoSoldier015,,,,Loading...
GerudoSoldier016,,,,B1F0247B
GerudoSoldier017,,,,Loading...
GerudoSoldier018,,,,5648097C
GerudoSoldier019,,,,Loading...
GerudoSoldier020,,,,Loading...
GerudoSoldier021,,,,Loading...
GerudoSoldier022,,,,Loading...
GerudoSoldier023,,,,Loading...
GerudoSoldier024,,,,74D31694
GerudoSoldier025,,,,3D42602
GerudoSoldier026,,,,Loading...
GerudoSoldier027,,,,Loading...
GerudoSoldier028,,,,7D655ABF
GerudoSoldier029,,,,Loading...
GerudoSoldier030,,,,6AA5E3CC
Ghini00,,Ghini,Ghini,9257A42
Ghini01,,Ghini Lv. 2,Ghini Lv. 2,7E224AD4
Ghoma,,Gohma,Gohma,Loading...
GhomaBaby,,Baby Gohma,Baby Gohma,Loading...
GhomaBabyBullet,,,,Loading...
GhomaBabyBulletWeb,,,,9D78AE68
GhomaBullet,,,,Loading...
GhomaBulletEgg,,,,Loading...
GhomaBulletLaser,,,,962F14D0
GhomaBulletWeb,,,,Loading...
GhomaEgg,,,,6A82CEBA
GiantIce,,,,55E0244F
Gibdos00,,Gibdo,Gibdo,BDB75574
Gibdos01,,Gibdo Lv. 2,Gibdo Lv. 2,CAB065E2
GoalHorseRace,,,,5FC611DB
GolemArmRight,,,,CCE33DC8
GolemCore,,,,Loading...
GolemFlameArmRight,,,,Loading...
GolemFlameCore,,,,FCC02652
GolemFlameMain,,,Volcanic Talus,28656E79
GolemFlameWeakness,,,,3D79669D
GolemMain,,Seismic Talus,Seismic Talus,Loading...
GolemWeakness,,,,A6BC0F46
Goron000,,,,60010738
Goron001,,Basa,Basa,Loading...
Goron002,,Silv,Silv,Loading...
Goron003,,,,F9085682
Goron004,,Ondes,Ondes,Loading...
Goron005,,Limme,Limme,106BF3B7
Goron006,,,,8962A20D
Goron007,,Disian,Disian,Loading...
Goron008,,,,Loading...
Goron009,,Gol,Gol,19DDBF9C
Goron010,,,,Loading...
Goron011,,,,Loading...
Goron012,,,,97145755
GoronC000,,,,Loading...
GoronC001,,Seko,Seko,D234595C
GoronChief,,Darston,Darston,Loading...
GoronChiefPointA,,,,Loading...
GoronChiefPointB,,,,Loading...
GoronChiefRoomMess,,,,Loading...
GoronStonePortrait,,,,Loading...
Grass,,,Grass,69CCB0F7
GrassJungle,,,,2F0F8B5B
GrassLight,,,,Loading...
GrassLightFreshwater,,,,7166053E
Grave,,,,E06FF1E3
GraveBig,,,,Loading...
GreatFairy,,Great Fairy,Great Fairy,Loading...
GreatFairyFountain,,Great Fairy Shrine,Great Fairy Shrine,Loading...
Guay,,Guay,Guay,Loading...
HandlePuzzle,,,,Loading...
Hidy,,Hoarder,Hoarder,10AA385A
Horse,,,Horse,Loading...
HorseLoved_CannotRental,,,,Loading...
HylianF000,,,,2DAC1793
HylianF001,,,,Loading...
HylianF002,,,,C3A276BF
HylianF003,,,,B4A54629
HylianF004,,,,Loading...
HylianF005,,,,5DC6E31C
HylianF006,,Falfa,Falfa,C4CFB2A6
HylianF007,,,,B3C88230
HylianF008,,,,Loading...
HylianF009,,,,Loading...
HylianF010,,,,34B726D2
HylianF011,,,,43B01644
HylianF012,,,,Loading...
HylianF013,,,,Loading...
HylianF014,,,,33DAE2CB
HylianF015,,,,Loading...
HylianF016,,,,Loading...
HylianF017,,,,Loading...
HylianF018,,,,Loading...
HylianF019,,,,Loading...
HylianF020,,,,Loading...
HylianF021,,,,Loading...
HylianF022,,,,F194143D
HylianF023,,,,Loading...
HylianF024,,,,18F7B108
HylianF025,,,,6FF0819E
HylianF026,,Oethera,Oethera,F6F9D024
HylianF027,,,,Loading...
HylianF028,,,,Loading...
HylianFC000,,Romi,Romi,Loading...
HylianFC001,,,,937D8E2C
HylianFC002,,,,Loading...
HylianFC003,,,,Loading...
HylianFC004,,,,E3177AA3
HylianM000,,Verley,Verley,FAAD9092
HylianM001,,,,8DAAA004
HylianM002,,,,14A3F1BE
HylianM003,,,,63A4C128
HylianM005,,,,8AC7641D
HylianM006,,,,13CE35A7
HylianM007,,,,64C90531
HylianM008,,,,F47618A0
HylianM009,,,,83712836
HylianM010,,,,E3B6A1D3
HylianM011,,,,Loading...
HylianM012,,,,DB8C0FF
HylianM013,,,,7ABFF069
HylianM014,,,,E4DB65CA
HylianM015,,Anube,Anube,Loading...
HylianM016,,,,AD504E6
HylianM017,,,,Loading...
HylianM018,,,,ED6D29E1
HylianM019,,,,9A6A1977
HylianM020,,,,Loading...
HylianM021,,,,BF9CC286
HylianM022,,,,2695933C
HylianM023,,,,Loading...
HylianM024,,Sago,Sago,CFF63609
HylianM025,,,,B8F1069F
HylianM026,,,,21F85725
HylianM027,,,,Loading...
HylianM028,,,,C6407A22
HylianM029,,,,B1474AB4
HylianM030,,Jacint,Jacint,D180C351
HylianM032,,,,Loading...
HylianM034,,,,D6ED0748
HylianM035,,,,A1EA37DE
HylianM036,,,,Loading...
HylianM037,,,,Loading...
HylianMC000,,,,93AA8FAB
HylianMC001,,Euca,Euca,Loading...
HylianMC002,,,,Loading...
HylianMC003,,,,Loading...
HylianMC004,,,,94C74BB2
HylianMC005,,,,E3C07B24
HyruleKing,,King of Hyrule,King of Hyrule,Loading...
HyruleSoldier,,,,27F50D40
HyruleSoldier_FieldBoundary,,,,34563BDD
HyruleSoldier_SpecialHyruleCastle,,,,Loading...
HyruleSoldier001,,,,Loading...
HyruleSoldier003,,,,B35F9E5E
HyruleSoldier004,,,,Loading...
HyruleSoldier005,,,,Loading...
HyruleSoldier006,,,,Loading...
HyruleSoldier007,,,,B4325A47
HyruleSoldier008,,,,Loading...
HyruleSoldier009,,,,538A7740
HyruleSoldier011,,,,Loading...
HyruleSoldier012,,,,DD439F89
HyruleSoldier013,,,,Loading...
HyruleSoldier015,,,,43270A2A
HyruleSoldier016,,,,Loading...
HyruleSoldier017,,,,AD296B06
HyruleSoldier018,,,,Loading...
HyruleSoldier019,,,,Loading...
HyruleSoldier020,,,,Loading...
HyruleSoldier022,,,,F66ECC4A
HyruleSoldier023,,,,Loading...
HyruleSoldier024,,,,1F0D697F
HyruleSoldier025,,,,Loading...
HyruleSoldier026,,,,F1030853
HyruleSoldier027,,,,Loading...
HyruleSoldier028,,,,Loading...
HyruleSoldierMystery_Forest010,,,,E8814880
IceCoverFreblaze,,,,1E2D92CF
Icicle,,,Icicle,Loading...
IcicleRoot,,,,Loading...
Impa,,Impa,Impa,Loading...
ImpactSwitch,,,,6FCA3CA3
ImpactSwitchBoundary,,,,27189203
ImpostorGerudoAide000,,,,Loading...
ImpostorHyruleKing,,King of Hyrule,King of Hyrule (Imposter),11C20F9A
ImpostorJabujabu,,Lord Jabu-Jabu,Lord Jabu-Jabu (Imposter),Loading...
ImpostorMinisterLeft,,Minister Lefte,Minister Lefte (Imposter),382FA313
ImpostorMinisterRight,,General Wright,General Wright (Imposter),Loading...
ItemBomb,,Bombs of Might,Bombs of Might,Loading...
ItemBow,,Bow of Might,Bow of Might,Loading...
ItemCopyRod,,Tri Rod,Tri Rod,C01C37A0
ItemDungeonMap,,,Dungeon Map,Loading...
ItemFairy,,Fairy Bottle,Fairy Bottle,F6395E92
ItemFieldMap,,,Overworld Map,17C4505C
ItemHeartContainer,,,Heart Container,E77C3D29
ItemHeartPiece,,Piece of Heart,Piece of Heart,Loading...
ItemKeyBoss,,,Big Key,Loading...
ItemKeySmall,,,Small Key,F1F41042
ItemLinkHood,,,Link's Hood,B971BBC
ItemMachineCoupon,,Monster Stone,Monster Stone,Loading...
ItemMainspring,,Clockwork Key,Clockwork Key,81258756
ItemPastePowerFly,,,,BAA05725
ItemPastePowerLow,,,Energy,7BA2AC37
ItemProofOfDin,,Din's Sanction,Din's Sanction,F3976EE
ItemProofOfFarore,,Farore's Sanction,Farore's Sanction,Loading...
ItemProofOfNayru,,Nayru's Sanction,Nayru's Sanction,93490CD1
ItemQuest00,,Lovely Pendant,Lovely Pendant,Loading...
ItemQuest01,,Floral Seashell,Floral Seashell,Loading...
ItemQuest02,,Magma Stone,Magma Stone,Loading...
ItemQuest04,,Blastpowder Soil,Blastpowder Soil,3F254911
ItemQuest05,,Happy Clover,Happy Clover,Loading...
ItemQuest06,,,"You got a small sack!
It's packed full and very heavy.",Loading...
ItemRecoveryHeart,,,Heart,Loading...
ItemRupeeBlue,,,Blue Rupee,556D289D
ItemRupeeGold,,,Gold Rupee,Loading...
ItemRupeeGreen,,,Green Rupee,92E32DAF
ItemRupeePurple,,,Purple Rupee,Loading...
ItemRupeeRed,,,Red Rupee,C030FA3F
ItemRupeeSilver,,,Silver Rupee,Loading...
ItemSmoothieIngredient00,,Bubble Kelp,Bubble Kelp,8D833262
ItemSmoothieIngredient01,,Riverhorse,Riverhorse,Loading...
ItemSmoothieIngredient02,,Refreshing Grapes,Refreshing Grapes,Loading...
ItemSmoothieIngredient03,,Electro Apple,Electro Apple,Loading...
ItemSmoothieIngredient04,,Warm Pepper,Warm Pepper,Loading...
ItemSmoothieIngredient05,,Floral Nectar,Floral Nectar,Loading...
ItemSmoothieIngredient06,,Fresh Milk,Fresh Milk,Loading...
ItemSmoothieIngredient07,,Chilly Cactus,Chilly Cactus,13E7A7C1
ItemSmoothieIngredient08,,Rocktato,Rocktato,8358BA50
ItemSmoothieIngredient09,,Rock Salt,Rock Salt,Loading...
ItemSmoothieIngredient10,,Radiant Butter,Radiant Butter,Loading...
ItemSmoothieIngredient11,,Twisted Pumpkin,Twisted Pumpkin,E39F33B5
ItemSmoothieIngredient12,,Monster Guts,Monster Guts,Loading...
ItemSmoothieIngredient13,,Monster Fang,Monster Fang,Loading...
ItemSmoothieIngredient14,,Tough Mango,Tough Mango,93F5C73A
ItemSmoothieIngredient15,,Golden Egg,Golden Egg,E4F2F7AC
ItemStampCard1st,,First Stamp Card,First Stamp Card,Loading...
ItemStampCard2nd,,Exciting Stamp Card,Exciting Stamp Card,Loading...
ItemStampCard3rd,,Thrilling Stamp Card,Thrilling Stamp Card,Loading...
ItemStampCard4th,,Exhilarating Stamp Card,Exhilarating Stamp Card,423D1E4E
ItemStampCard5th,,Final Stamp Card,Final Stamp Card,43FF7479
ItemSword,,Sword of Might,Sword of Might,Loading...
ItemWorldGlobePiece,,Might Crystal,Might Crystal,2C2C9EE2
Jabujabu,,Lord Jabu-Jabu,Lord Jabu-Jabu,Loading...
Jabujabu_FieldBoundary,,,Lord Jabu-Jabu (Stilled),Loading...
JabujabuWater,,,,Loading...
Javelin00,,,,Loading...
Javelin01,,,,Loading...
JavelinBoundary,,,,Loading...
JumpConde,,,,AA503AB5
JunglePrisonCover,,,,Loading...
JungleRuinsDoor,,,,Loading...
JungleRuinsKey,,Lockup Key,Lockup Key,14F12022
Keese00,,Keese,Keese,Loading...
Keese01,,Fire Keese,Fire Keese,Loading...
Keese02,,Ice Keese,Ice Keese,F28CF9E3
Keese03,,Electric Keese,Electric Keese,858BC975
KeeseBoundary,,,Keese (Stilled),Loading...
Kerotone,,Ribbitune,Ribbitune,Loading...
Kerotone01,,Drippitune,Drippitune,Loading...
LadderBroken,,,,Loading...
LampDungeon,,,,E5A75B9B
LampJungle,,,,Loading...
LampL002,,,,Loading...
Lanmola,,,Lanmola,Loading...
Lanmola01,,,Lanmola,12505D
Lanmola02,,,Lanmola,Loading...
LanmolaPot,,,,FC5FDE4B
LanmolaRock,,,,461ADC86
LastBossAnomalocaris,,,,Loading...
LastBossFirstWallCol,,,,Loading...
LastBossFreblaze,,,,4666A751
LastBossGanon,,,,C920BAC8
LastBossGanonC,,,,Loading...
LastBossGhoma,,,,Loading...
LastBossGolem,,,,Loading...
LastBossMogriffon,,,,2F6408D5
LastBossMu00,,Null,Null,Loading...
LastBossMu01,,Null,Null (2nd Phase),Loading...
LastBossMu01PasteBullet,,,,BB923010
LastBossMu02,,Null,Null (3rd Phase),Loading...
LastBossMuDamageArea,,,,C6616D8D
LastBossMuExploded,,,,B446C847
LastBossMuPasteBullet,,,,Loading...
LastBossMuPasteBullet01,,,,Loading...
LastBossMuPasteBulletAttack,,,,Loading...
LastBossMuTentacle00,,,,CEC2153B
LastBossMuTentacle02,,,,Loading...
LastBossMuTentacleBind,,,,Loading...
LastBossMuTentacleBroken,,,,680D2C96
LastBossMuTentacleBroken01,,,,Loading...
LastBossMuTentacleBroken02,,,,Loading...
LastBossMuTentacleBroken03,,,,Loading...
LastBossMuTentacleBullet,,,,Loading...
LastBossMuTentacleBullet01,,,,Loading...
LastBossMuTentacleBullet02,,,,A329EA68
LastBossMuTentacleBullet03,,,,D42EDAFE
LastBossWhirlpool,,,,103D6FEE
LavaGeyserDynamicBig,,,,AF79FA74
LavaGeyserDynamicSmall,,,,CC14679
LavaGeyserStaticBig,,,,B8062B5D
LavaGeyserStaticSmall,,,,B9532CAF
LavaHole,,,,Loading...
LavaLid,,,,AF07988E
Lawn,,,,Loading...
LawnDesert,,,,E9E4AD21
LawnFlowerRiver,,,,Loading...
LawnFlowerSea,,,,Loading...
LawnHebra,,,,Loading...
LawnHyrule,,,,Loading...
LawnJungle,,,,Loading...
LawnLow,,,,18E04730
LawnPlains,,,,F7AA2153
LawnSea,,,,Loading...
LawnTall,,,,86C28BF5
LawnVolcano,,,,7BC3714B
LawnWater,,,,Loading...
Leever,,Leever,Leever,628F0FA8
LiftRailMove,,,,Loading...
LiftRailMoveLDLast,,,,Loading...
LiftRailMoveSmall,,,,Loading...
LinkBarricade,,,,AFC84B2C
LinkBarricade3x3,,,,363F7354
LinkBarricadeFloor,,,,Loading...
LinkBarricadeSide,,,,50D22513
LinkBarricadeSideSquare,,,,Loading...
Lizalfos00,,Lizalfos,Lizalfos,22B40861
Lizalfos01,,Lizalfos Lv. 2,Lizalfos Lv. 2,Loading...
Lizalfos02,,Lizalfos Lv. 3,Lizalfos Lv. 3,Loading...
LizalfosBoundary,,,Lizalfos (Stilled),6447349C
Lotusleaf,,,,Loading...
Luberi,,Lueburry,Lueburry,E3EF0C0
LuberiBackpack,,,,Loading...
LuberiBaggage,,,,Loading...
LuberiHouseHearth,,,,4A15C577
LuberiHouseMachine,,,,Loading...
Lynel,,Lynel,Lynel,Loading...
LynelBoundary,,,Lynel (Stilled),Loading...
LynelFootprints,,,,Loading...
MachineEngineer,,Dampé,Dampé,Loading...
MachineHouseDoor,,,,Loading...
MachineNotepad,,,,Loading...
MachineUnlock_Fan,,Golden Fan,Golden Fan,F44E9D47
MachineUnlock_MusicBox,,Prismatic Music Box,Prismatic Music Box,Loading...
MachineUnlockKatana,,Heirloom Katana,Heirloom Katana,Loading...
Mannequin,,,,F2BC0087
MapAbyss,,,,93DB55D8
MapBadRecoveryArea,,,,A74FDC6D
MapBoulderingWall,,,,CDDD9A54
MapEndOfWorldNorthForest,,,,Loading...
MapEndOfWorldSnowyMountainTop,,,,DDB4E2F5
MapFixture,,,,Loading...
MapGeyser,,,,Loading...
MapHotSpring,,,,1BFCEBDD
MapIcepondSwitchSide,,,,D28F80BC
MapIcepondSwitchTop,,,,Loading...
MapLadder,,,,B82E9840
MapLava,,,,59CD3EDB
MapLavafall,,,,4813695D
MapLavaFloating,,,,Loading...
MapLavaUpDownSide,,,,Loading...
MapLavaUpDownSideBig,,,,FD33E884
MapLavaUpDownTop,,,,F2FA68EA
MapPond,,,,Loading...
MapPondCold,,,,87F4C3D6
MapPondColdFloating,,,,Loading...
MapPondFloating,,,,Loading...
MapPondSwitchOffSide,,,,Loading...
MapPondSwitchOffTop,,,,Loading...
MapPondSwitchSide,,,,Loading...
MapPondSwitchTop,,,,C9C5FE16
MapQuickSand,,,,6C33A67D
MapRiver,,,,359FDF7
MapRiverSouthEast,,,,Loading...
MapSandland,,,,99BD4F88
MapStatic,,,,Loading...
MapVastAbyss,,,,80B2B6B4
MapWaterfall,,,,Loading...
MapWindUpward,,,,E42A4BFE
MapWindUpwardEvent,,,,4EB6E17D
Megadon,,Platboom,Platboom,Loading...
MiniGameAcorn,,,,Loading...
MinisterLeft,,Minister Lefte,Minister Lefte,DBAC03B7
MinisterLeftLeading,,,,1E826DC1
MinisterRight,,General Wright,General Wright,Loading...
MinisterRightCarry,,,,AB94A343
Moa,,Moa,Moa,5FD3E127
MoaBoundary,,,Moa (Stilled),BF859073
MoaBullet1,,,,Loading...
Mogriffon,,Mogryph,Mogryph,46BEAD0E
MogriffonKamaitachi,,,,Loading...
MogriffonTornado,,,,Loading...
MogriffonTornadoPaste,,,,Loading...
MoriblinMachine,,Roboblin,Roboblin,Loading...
MoriblinSpear00,,Spear Moblin,Spear Moblin,C743CCBF
MoriblinSpear01,,Spear Moblin Lv. 2,Spear Moblin Lv. 2,B044FC29
MoriblinSpearBoundary,,,Spear Moblin (Stilled),E47E3B8D
MoriblinSword00,,Sword Moblin,Sword Moblin,Loading...
MoriblinSword01,,Sword Moblin Lv. 2,Sword Moblin Lv. 2,Loading...
MoriblinSword02,,Sword Moblin Lv. 3,Sword Moblin Lv. 3,Loading...
MorphLink,,,,AE525B75
MorphZelda,,,,E91C7C90
Mothula00,,Mothula,Mothula,Loading...
Mothula01,,Mothula Lv. 2,Mothula Lv. 2,BBD08B3C
Mouse,,,Mouse,6EF499E9
MoveLava,,,,FDEAEB94
MoveWhirlpool,,,,Loading...
MuralLD002,,,,34F784A0
Mushroom,,,,Loading...
NavObstable,,,,30CDCAD
NectarDemoActor,,,,Loading...
NorthForestHazePlane,,,,Loading...
NorthForestPedestal,,,,Loading...
NorthForestRelic,,Ancient Orb,Ancient Orb,Loading...
Octorok,,Octorok,Octorok,A12875C6
Octorok01,,Fire Octo,Fire Octo,728E7065
Octorok01Bullet1,,,Fire Octo Rock,Loading...
Octorok02,,Ice Octo,Ice Octo,Loading...
Octorok02Bullet1,,,Ice Octo Rock,Loading...
OctorokBullet1,,,Octorok Rock,9CF06CCE
OctorokMachine,,Tocktorok,Tocktorok,2AFCCA7E
OctorokMachineBullet1,,,Tocktorok Rock,22DB240A
OctorokMachineFireworkBulletExploded1,,,,75D3D298
Orb,,,,3A3208EF
OrbConnectPanel,,,,Loading...
OrbGenerator,,,,Loading...
Partner,,Tri,Tri,FE96078A
PartnerPhoton,,,Tri Friend,Loading...
PartnerPhotonLiberation,,,,Loading...
PasteGhomaBullet,,,,Loading...
PatrolDekuSoldier00,,,,Loading...
PatrolDekuSoldier01,,,,13F0446
PatrolDekuSoldier02,,,,Loading...
PatrolGerudoSoldier,,,,Loading...
PatrolHyruleSoldier,,,,Loading...
PatrolHyruleSoldierBoundary,,,,Loading...
Peahat,,Peahat,Peahat,Loading...
PedestalSwitch,,,,Loading...
Peese,,Sand Crab,Sand Crab,851F89CE
Piranha00,,Piranha,Piranha,8BBA423D
Piranha01,,Sand Piranha,Sand Piranha,Loading...
Pitty,,Holmill,Holmill,Loading...
PittyBullet1,,,,Loading...
PlantBombGerudoMiniGame,,,,Loading...
PlantDangerGerudoMiniGame,,,,429A18C0
PlantGerudoMiniGame,,,,9D9D2CD2
Player,,,Princess Zelda,Loading...
PlayerArrowChargeLv02,,,,5841EB11
PlayerArrowChargeLv03,,,,2F46DB87
PlayerArrowNormalLv01,,,,E83C0751
PlayerArrowNormalLv02,,,,713556EB
PlayerArrowNormalLv03,,,,Loading...
PlayerBombChuLevel2,,,,480D103C
PlayerBombChuLevel3,,,,Loading...
PlayerBombLevel1,,,,E6E11651
PlayerBombLevel2,,,,7FE847EB
PlayerBombLevel3,,,,8EF777D
PlayerFairy,,,,Loading...
PlayerItemArrow,,,,AEC04D67
PlayerItemBomb,,Swordsman's Bombs,Swordsman's Bombs,Loading...
PlayerItemBombChu,,,,535B8674
PlayerItemBow,,Swordsman's Bow,Swordsman's Bow,CE858711
PlayerItemCopyRod,,Tri Rod,Tri Rod,Loading...
PlayerItemShield,,Hylian Shield,Hylian Shield,C52CC1B
PlayerItemSword,,Swordsman's Blade,Swordsman's Blade,EC126456
PlayerPasteBall,,,,Loading...
PlayerSwordBeam,,,Sword Beam,Loading...
PlayerSyncRodBall,,,,Loading...
Poe,,Poe,Poe,Loading...
PoeOthers1,,,,C4BCE95F
PororiBoarblinClub01Shield,,,,Loading...
PororiEnemyLinkShield,,,,Loading...
PororiMoriblinSword01Shield,,,,Loading...
PororiMoriblinSword02Shield,,,,4FBCDB29
PortraitBolt,,,,Loading...
PortraitBolt_fake,,,,A7EE52A4
PortraitBoltFallen,,,,Loading...
Pot,,Pot,Pot,26F035EF
PotGerudo,,Gerudo Pot,Gerudo Pot,89A8C1D8
PotHyruleCastle,,Hyrule Castle Pot,Hyrule Castle Pot,AF703A54
PowerPieceBeacon,,,,302F15F1
PrisonPole,,,,Loading...
PrizonRock,,,,6AE88EBB
PrologueLink,,,Link,Loading...
PuzzlePanel,,,,Loading...
PuzzleRotation,,,,EB9C1BF4
QuestBagZoraRiver,,,,Loading...
QuestCatKakariko000,,,,Loading...
QuestCatKakariko001,,,,3065A01F
QuestCatSeaside000,,,,C19FAF90
QuestCheckpoint,,,,Loading...
QuestCheckpointRace,,,,38EC3CFF
QuestDogHyrule,,,,50067DAB
QuestFireRock,,,,A6E89581
QuestObjectiveLight,,,,Loading...
QuestObstacle,,,,A6D82824
QuestShipLid,,,,B634B45
QuestShipRepairTools,,,,5EF610F
QuestSnowBall,,,,B107B21E
QuestStartLine,,,,B0291D2A
Rat,,,Rat,BBF7CC0F
RecitalPlatformBroken00,,,,6D64E867
RecitalPlatformBroken01,,,,Loading...
RecitalPlatformBroken02,,,,Loading...
ReDead,,ReDead,ReDead,CD05C964
ReDeadBoundary,,,ReDead (Stilled),Loading...
RemainsAttackedPos,,,,Loading...
RemainsCrashNoise,,,,Loading...
RentalHorseBarricade,,,,Loading...
RockCave,,Boulder,Boulder,Loading...
RockSolid,,Rock,Rock,Loading...
RollingPole,,Spiked Roller,Spiked Roller,Loading...
RoomChanger,,,,Loading...
RoomLastBossPhase3,,,,Loading...
Rope,,Rope,Rope,Loading...
SandCoverLanmola,,,,E7DFBFF6
SandCoverMogriffon,,,,Loading...
SandObstacle,,,,Loading...
Sandpile,,,,Loading...
SandpileLarge,,,,Loading...
SandPlug,,,,Loading...
SeaUrchin,,Sea Urchin,Sea Urchin,Loading...
SeaWave,,,,Loading...
SensorBossAppearBox,,,,7B7D9C72
SensorBuriedItem,,,,Loading...
SensorCameraModeChange,,,,4E917D3F
SensorCameraScrollContorol,,,,Loading...
SensorCheckerWipeoutColony,,,,Loading...
SensorCheckerWipeoutColonyDefeat,,,,1811AAA2
SensorCheckerWipeoutRiver,,,,8CF6E131
SensorCheckerWipeoutVolcano,,,,Loading...
SensorCompleteHarmony,,,,Loading...
SensorDestination,,,,9816DDB8
SensorDestinationHole,,,,7724FC18
SensorEnemyLinkBomberPointBox,,,,C537F022
SensorEnemyPopMu01,,,,Loading...
SensorEnterCustomAction,,,,B9EBA045
SensorEventBox,,,,Loading...
SensorEventReset,,,,BF06D95C
SensorFindBox,,,,2C753D79
SensorFlagEnterBox,,,,664ADAF4
SensorFlagEnterPlayerBox,,,,Loading...
SensorFlagLeaveBox,,,,Loading...
SensorFlagLeavePlayerBox,,,,Loading...
SensorFlagOutBox,,,,Loading...
SensorFlagResetEnterBox,,,,1A2371FB
SensorFloorChange,,,,Loading...
SensorFollowLynel,,,,Loading...
SensorFrameCheckCount,,,,475E872C
SensorGeneral,,,,E54E8DB0
SensorIntensity,,,,5B52F0C6
SensorLeaveDropper,,,,D5055DFB
SensorLevelOpen,,,,D8F092A7
SensorPartnerTalk,,,,Loading...
SensorPillarfall,,,,Loading...
SensorQuestActorEnter,,,,Loading...
SensorQuestKeepActor,,,,Loading...
SensorQuestStrayHorseEnter,,,,6C6C494D
SensorQuestTreasureBox,,,,Loading...
SensorQuestZolFire,,,,Loading...
SensorQuestZolWaterBig,,,,Loading...
SensorRainmakingBox,,,,Loading...
SensorRegionChange,,,,Loading...
SensorRockfall,,,,Loading...
SensorSnowBallSpawner,,,,33A3656B
SensorStairsCollapse,,,,Loading...
SensorTerritoryBox,,,,D64D2095
SensorTerritorySphere,,,,Loading...
SensorTutorialInsert,,,,Loading...
SensorWhirlpoolPopMu01,,,,Loading...
ShopItem,,,,98CF21B2
Signboard,,Sign,Sign,80E91296
SignboardGoronRace,,,,A5E64CA5
SignboardHorseRace,,,,Loading...
Skulltula,,Strandtula,Strandtula,Loading...
SkySphere,,,,BA30821A
SmokeDamage,,,,DEB1E42A
SmokeDamageEndless,,,,Loading...
SmokeDamageIce,,,,Loading...
SmokeDamageIceEndless,,,,184814C7
SmokeObstacle,,,,Loading...
SnowBall,,Snowball,Snowball,2216A5DD
SnowBallInduce,,,,Loading...
SnowDebris,,,,7B7E9020
SnowDebris_02,,,,71814756
Snowpile,,,,Loading...
SnowpileLarge,,,,Loading...
SoldierIronBall,,Ball-and-Chain Trooper,Ball-and-Chain Trooper,Loading...
SoldierIronBallWeapon1,,,,2930EB50
Spark00,,Spark,Spark,Loading...
SparkBox,,,,31DB33FD
SpiderSilk,,,,A7EAA450
SpiderWeb,,,,CEEC8B7E
SpiderWebBoundMedium,,,,B4615F01
SpiderWebBoundSmall,,,,6038D9D5
SpikeTile,,,,Loading...
SpoutVolcano,,,,DF406239
StampGoods,,,,Loading...
Stampman,,Stamp Guy,Stamp Guy,F97A5E21
StampTable,,,Stamp Table,Loading...
StatueArmos,,,,Loading...
StatueDekuMove,,,,Loading...
StatueL003,,Elephant Statue,Elephant Statue,8782A246
StatueL003Bird,,Hawk Statue,Hawk Statue,Loading...
StatueL003Cat,,Cat Statue,Cat Statue,4D83C8DA
StatueL003Snake,,Snake Statue,Snake Statue,Loading...
StatueLD001,,,,Loading...
StatueShield,,,,786218BE
StatueShieldParts,,,,Loading...
StoneFragile,,Tweelus,Tweelus,Loading...
StoneFragile01,,Temper Tweelus,Temper Tweelus,Loading...
StoneMonumentGerudo,,,,Loading...
StoneMonumentNorthForest,,,,Loading...
StoneMonumentQuestGerudo,,,,Loading...
StretchyGhost,,Goo Specter,Goo Specter,6E17A002
SwitchElectric,,,,Loading...
SwitchFoot,,,,Loading...
SwitchFootClear,,,,Loading...
SwitchFootLast,,,,Loading...
SwitchFootLD002,,,,Loading...
SwitchFootLD006,,,,9655CD30
SwitchFootLD006L,,,,Loading...
SwitchFootTogether,,,,ECBB8ABC
SwitchLever,,,,Loading...
SwitchLeverDoor,,,,Loading...
SwitchLeverDoorPartsLeft,,,,E7A4E347
SwitchLeverDoorPartsRight,,,,1F868B49
SyncLine,,,,Loading...
Table,,Table,Table,37E8A042
TagAreaStart,,,,Loading...
TagBalancer,,,,Loading...
TagBattleChallenge,,,,Loading...
TagBossArcherSequencer,,,,DE4CE061
TagBossZeldaSequencer,,,,Loading...
TagCheckerActivate,,,,Loading...
TagCheckerWipeout,,,,5873B73
TagCheckerWipeoutDefeat,,,,2204E5A2
TagCinderSpawner,,,,Loading...
TagCompleteHarmonyObserver,,,,Loading...
TagConditionalActivator,,,,Loading...
TagEnergySpawner,,,,7488B118
TagEventConditions,,,,Loading...
TagEventProxyActor,,,,6145840A
TagEventSwitch,,,,2ECE96B8
TagEvTailorPlayer,,,,Loading...
TagFlotsamSpawner,,,,350C3E03
TagGerudoMiniGame,,,,Loading...
TagGhini00Spawner,,,,50582E4F
Taggler00,,Tangler,Tangler,70C6CE64
Taggler01,,Tangler Lv. 2,Tangler Lv. 2,7C1FEF2
TagglerBoundary,,,Tangler (Stilled),Loading...
TagHorseRaceManager,,,,Loading...
TagLastBossCameraTarget,,,,Loading...
TagLightActor,,,,Loading...
TagLightProbe,,,,5A603BAC
TagNorthForestRelicsChecker,,,,A2CD28B9
TagPickUpAcorns,,,,Loading...
TagPlayJingle,,,,32BDA943
TagQuestCheckerWipeout,,,,Loading...
TagQuestConditionalActivator,,,,Loading...
TagRainyTailorPlayer,,,,C2DF5C2
TagRelayPoint,,,,Loading...
TagRestartTransformUpdater,,,,9087B0B1
TagRollingPoleSpawner,,,,652BF934
TagRoomLocker,,,,79A6E6DE
TagSandPileSpawner,,,,Loading...
TagSnowBallSpawner,,,,Loading...
TagSwitchChecker,,,,BF492590
TagSwitchOn,,,,C6B44394
TagSyncObserver,,,,Loading...
TagTailorPlayer,,,,Loading...
TagTailorPlayerCustom,,,,AB7A279C
TagTecuumSpawner,,,,Loading...
TagWorldRepairTreeAnimator,,,,Loading...
Tail,,Mini-Moldorm,Mini-Moldorm,DC051B63
TailBoundary,,,Mini-Moldorm (Stilled),E07D0C83
TecuumChild,,,,3A1A9DD3
TecuumFly,,,,DCF53C21
Tektight00,,Tektite,Tektite,Loading...
Tektight01,,Tektite Lv. 2,Tektite Lv. 2,F73C1E1C
TektightBoundary,,,Tektite (Stilled),Loading...
TektightMachine,,Techtite,Techtite,Loading...
TektightMachineOthers1,,,,Loading...
temperaturecheck,,,,AF815AF9
Testitart,,,Manhandla,Loading...
TestitartBulletRock,,,,Loading...
TestitartBulletSeed,,,,Loading...
TestitartElecStone,,,,EDE98F60
TestitartElecStoneBomb,,,,A075ABF7
TestitartHeadPlant,,,Manhandla Head,Loading...
TestitartHeadPlantHead,,,Manhandla Head,Loading...
TestitartHeadRock,,,Manhandla Head,D5A6EB0
TestitartHeadRockHead,,,Manhandla Head,661F3871
Throne,,,,Loading...
Toppyu,,Tornando,Tornando,Loading...
TorchSlug,,Torch Slug,Torch Slug,8542DDF9
TorchSlug01,,Freeze Slug,Freeze Slug,F25D55E9
TorchSlug01Bullet1,,,,Loading...
TorchSlugBullet1,,,,CB467D73
TowerRotationGerdo,,,,Loading...
TraceTestitart,,,,F136FD91
Trampoline,,Trampoline,Trampoline,Loading...
TrapBladeTimer,,Pathblade,Pathblade,ECB730E
TreasureBox,,,Treasure Chest,9DC91BB3
TreasureBoxBig,,,Treasure Chest (Big Key),672055F3
TreasureBoxLock,,,Treasure Chest (Enemy Camp),AC8F1A2B
TreeDisappear,,,,Loading...
Triforce,,,,Loading...
TriforcePiece,,,,Loading...
Tumbleweed,,,Tumbleweed,7AC3BC29
Undefined,,,,Loading...
UpdraftHole,,,,6D58A3FD
Volvagia,,Volvagia,Volvagia,C2B90F89
VolvagiaBigFireBall,,,,Loading...
VolvagiaBigFireBallAngry,,,,974B3A82
VolvagiaBigFireBallExplosion,,,,D7D05F00
VolvagiaBigFireBallExplosionAngry,,,,D19E7081
VolvagiaFireball00,,,,Loading...
VolvagiaFirebreathSensor00,,,,Loading...
WallCracked,,,,Loading...
WallMu,,,,519E0915
Walltula,,Crawltula,Crawltula,Loading...
WalltulaBoundary,,,Crawltula (Stilled),9A6F12A0
WantedPoster,,,,Loading...
WarpBoss,,,,17B038FA
WarpOpener,,,,1EAB10F9
WarpPedestal,,,,FCFC37FA
WarpPoint,,,,2CE87FCA
WarpStatue,,,,C8FD52BE
WeatherVane,,,,6C69B1A1
WedgeVillage,,,,Loading...
WellCover,,,,Loading...
WellCoverAfter,,,,7A9C67B0
WhirlpoolObstacle,,,,Loading...
WindMaker,,Wind Cannon,Wind Cannon,Loading...
WindMakerWall,,,,Loading...
Wizzrobe00,,Fire Wizzrobe,Fire Wizzrobe,Loading...
Wizzrobe00Bullet1,,,,FB67EA40
Wizzrobe01,,Ice Wizzrobe,Ice Wizzrobe,Loading...
Wizzrobe01Bullet1,,,,Loading...
Wizzrobe02,,Electric Wizzrobe,Electric Wizzrobe,Loading...
Wizzrobe02Bullet1,,,,Loading...
WizzrobeWarpReserved,,,,Loading...
Wolfos00,,Wolfos,Wolfos,E2166375
Wolfos01,,White Wolfos,White Wolfos,Loading...
WolfosBoundary,,,Wolfos (Stilled),642F7583
Yeti000,,Condé,Condé,Loading...
Yeti000Leading,,,,20CADAC6
ZeldaImprison,,,,Loading...
Zol,,Zol,Zol,Loading...
ZolBoundary,,,Zol (Stilled),C907A66C
ZolFire,,Ignizol,Ignizol,660137A9
ZolMachine,,Gizmol,Gizmol,Loading...
ZolMachineBullet1,,,,Loading...
ZolWater,,Hydrozol,Hydrozol,5FDC0F89
ZoraRiver000,,,,4E57B60A
ZoraRiver001,,Tellum,Tellum,3950869C
ZoraRiver002,,Inawa,Inawa,Loading...
ZoraRiver003,,,,Loading...
ZoraRiver004,,,,493A7213
ZoraRiver005,,,,Loading...
ZoraRiver006,,,,A734133F
ZoraRiver007,,,,D03323A9
ZoraRiver008,,,,Loading...
ZoraRiver009,,Hemi,Hemi,378B0EAE
ZoraRiver010,,,,574C874B
ZoraRiverC000,,Medaka,Medaka,Loading...
ZoraRiverC001,,,,1ACD5E6D
ZoraRiverC002,,,,83C40FD7
ZoraRiverChief,,Dradd,Dradd,F6C95179
ZoraSea000,,,,Loading...
ZoraSea001,,,,FF732065
ZoraSea002,,Rogma,Rogma,Loading...
ZoraSea003,,,,117D4149
ZoraSea004,,,,8F19D4EA
ZoraSea005,,,,Loading...
ZoraSea006,,,,6117B5C6
ZoraSea007,,,,16108550
ZoraSea008,,,,Loading...
ZoraSea009,,,,F1A8A857
ZoraSea010,,,,916F21B2
ZoraSeaC000,,,,A96D07E5
ZoraSeaC001,,,,DE6A3773
ZoraSeaC002,,,,476366C9
ZoraSeaChief,,Kushara,Kushara,Loading...
ZoraStoneMonument,,,,D76171EC
ZoroZoro,,Beetle,Beetle,Loading...
ZoroZoroHill,,Beetle Mound,Beetle Mound,6FA91BDD